player_name,stochastic,memory_depth,mean_score,std_score,mean_score_diff,std_score_diff,mean_first_defection,round_1,round_2,round_3,round_4,round_5,round_6,round_7,round_8,round_9,round_10,C_prob,CC,CD,DC,DD,CCCC,CCCD,CCDC,CCDD,CDCC,CDCD,CDDC,CDDD,DCCC,DCCD,DCDC,DCDD,DDCC,DDCD,DDDC,DDDD,CC_pct,CD_pct,DC_pct,DD_pct,CCCC_pct,CCCD_pct,CCDC_pct,CCDD_pct,CDCC_pct,CDCD_pct,CDDC_pct,CDDD_pct,DCCC_pct,DCCD_pct,DCDC_pct,DCDD_pct,DDCC_pct,DDCD_pct,DDDC_pct,DDDD_pct,tournament_score_mean,tournament_score_std,tournament_win_mean,tournament_win_std
ZD-SET-2,True,1,2.16270056122,1.04108043886,0.150692602041,1.04902424227,3.301040816326531,1.0,0.652765306122,0.609102040816,0.556683673469,0.536346938776,0.516867346939,0.501408163265,0.494693877551,0.482387755102,0.470775510204,0.43990989795918367,0.7498072097639021,0.2502361233864375,0.5002868232290064,0.2502255063795458,0.7499005071362964,0.24941420749814402,0.5008845955509141,0.24858575413411657,0.7497815431119512,0.2502656483161541,0.4991898256594769,0.2502370761462952,0.7494993844034974,0.2505534873804877,0.5009196524324954,0.2505752563181513,0.751041875089324,0.2502827688728025,0.499119002954378,0.2502121231299808,0.27767470003076605,0.9999995800132042,0.5426518459161956,0.5087890056073936,0.22088526381404033,0.02680887032017397,0.06864387176399371,0.006094435757016136,0.04630755802127133,0.026868996083281797,0.0426504677137802,0.19892819719564309,0.09570589545649345,0.059254569319504166,0.13213318641415206,0.12242842801276133,0.013417031818892753,0.15110219841526923,0.08380203241346876,0.9999997312732151,2.16247061856,0.0353156569263,99.18,4.27172096467
ZD-GTFT-2,True,1,2.73702913265,0.547842624801,-0.134222704082,0.280327954158,115.54144897959183,1.0,0.834010204082,0.881775510204,0.845397959184,0.903969387755,0.860540816327,0.893989795918,0.881683673469,0.905520408163,0.863551020408,0.8883269897959184,1.0,0.12461401314987235,1.0,0.24992993080212894,1.0,0.1247663232363297,NA,NA,1.0,0.1250786658275645,1.0,0.25086922132217965,1.0,0.12434162156950186,NA,NA,1.0,0.12448325030618879,1.0,0.24932436386305037,0.8206871602912522,0.6228644257032574,0.9999977016456375,0.39383066166581665,0.8247099173410268,0.1990223735131435,0.0,0.0,0.02683567017917445,0.024081756010515355,0.9999961692633881,0.38475380401685977,0.18675661217704068,0.16483309863901646,0.0,0.0,0.09479636111037033,0.16557713646452382,0.2200885665090533,0.04315393733250876,2.73374948454,0.025245974141,0.0,0.0
ZD-GEN-2,True,1,2.70949173469,0.581873116151,-0.150691581633,0.318400398566,125.19610204081633,1.0,0.916724489796,0.896408163265,0.879785714286,0.870673469388,0.86956122449,0.866887755102,0.880224489796,0.878265306122,0.878153061224,0.8819649489795919,1.0,0.5619785852399275,0.5011646415950749,0.12476700634743514,1.0,0.5621364019801913,NA,NA,1.0,0.5622020333648869,0.502057747984226,0.12443375261192968,1.0,0.5599852796859667,0.5006785070457286,0.12574942827121577,1.0,0.5622034760592042,0.5007009029563604,0.12477548730538367,0.8160003589375449,0.6469837901514764,0.999997282714321,0.4455392410183422,0.8365122424734112,0.2634099694625577,0.0,0.0,0.10495788884566397,0.1525615286085563,0.9999876026506245,0.3969947922505027,0.15145970078083018,0.06927772679708531,0.239751168120225,0.0847667371136047,0.10750431663727186,0.12862420516243062,0.4305499140200308,0.061087662337662336,2.70724948454,0.0292862425112,7.6,3.35857112475
ZD-Extort-4,True,1,2.05564785714,1.14531449681,0.774435969388,0.868670742667,2.3404795918367345,1.0,0.523846938776,0.486142857143,0.392408163265,0.365581632653,0.326234693878,0.297336734694,0.284091836735,0.263673469388,0.242469387755,0.2002069387755102,0.6468965585998241,0.0,0.47055091708355545,0.0,0.6471410937583857,0.0,0.46979512101123055,0.0,NA,NA,0.46948221224630826,0.0,0.6465614946756285,0.0,0.47151363024042037,0.0,NA,NA,0.4703411578274703,0.0,0.1645836837247462,0.9999975046994519,0.8423878919989919,0.7290657488341677,0.10352218742742579,0.0126103914520189,0.053487985462637874,0.009593206816100304,0.0,0.0,0.01998675530818388,0.023916402030386214,0.07952442565415926,0.03229741960951107,0.10027397668921655,0.046724530100349486,0.0,0.0,0.07144315480874402,0.9999999493529267,2.06506546392,0.0276200457676,159.42,4.3570173284
ZD-Extort-2 v2,True,1,2.05211117347,1.00637787277,0.496776785714,0.537667593636,6.296173469387755,1.0,0.792244897959,0.710214285714,0.644857142857,0.600367346939,0.569591836735,0.540040816327,0.522989795918,0.498346938776,0.476142857143,0.3054616326530612,0.8749665416052079,0.4378891233005157,0.37491168039134587,0.0,0.8749381999788984,0.43789726651612865,0.374557593376127,0.0,0.8768145685792744,0.4370278911257334,0.3758497517579134,0.0,0.8746425236663652,0.43853091764349894,0.3748769386163425,0.0,NA,NA,0.37496975785783115,0.0,0.2618751410111783,0.9999979200897473,0.7659652013264632,0.7467427762802167,0.4466382449513181,0.07311414400556715,0.4368790433381382,0.06458410138739369,0.03401939866710149,0.04056479061684205,0.9999851610555122,0.027019009364090272,0.17188094371831764,0.08040182957729307,0.3762192262698699,0.6854486361375786,0.0,0.0,0.35259871408880883,0.5133106060606061,2.06659793814,0.0321935060247,158.96,5.58913231191
ZD-Extort-2,True,1,2.05350607143,1.00107753786,0.493956632653,0.541093335867,7.064561224489796,1.0,0.814469387755,0.730448979592,0.665969387755,0.617040816327,0.585653061224,0.554530612245,0.537397959184,0.514540816327,0.492255102041,0.30735954081632655,0.8888375984984349,0.5004092172661464,0.3331619006213326,0.0,0.8887795930076812,0.5005743332645103,0.33352706000778704,0.0,0.8890854525351445,0.5012457211721317,0.3340923792144138,0.0,0.8891825604092145,0.49954515561191337,0.3332225315334919,0.0,NA,NA,0.33254476334671845,0.0,0.2639300071787509,0.9999979106590149,0.7656607991681921,0.7471968370516735,0.9999996998498086,0.04152617070665076,0.05851703357075378,0.006142420353365005,0.03867319863014149,0.012059420737992167,0.022446968513526306,0.01215863390777297,0.08404008162196462,0.03492859873730957,0.1911234926187536,0.10811393216557559,0.0,0.0,0.12927774883317356,0.5248627040202026,2.06486546392,0.0333488653769,159.28,6.07631467256
Win-Stay Lose-Shift,False,1,2.66233507211,0.867494255322,0.163879832771,1.24877708068,113.00717346938775,1.0,0.810653061224,0.801724489796,0.858887755102,0.833683673469,0.819071428571,0.823428571429,0.832908163265,0.788204081633,0.807214285714,0.771149387755102,1.0,0.0,0.0,1.0,1.0,0.0,NA,NA,NA,NA,0.0,1.0,NA,NA,0.0,1.0,1.0,0.0,NA,NA,0.6629370320992719,0.9999992848736938,0.5292964666790284,0.31763305962867966,0.6434635126777984,0.054911407256029936,0.0,0.0,0.0,0.0,0.9999972544434989,0.3791620285650296,0.0,0.0,0.3161677327892542,0.4965219487864487,0.17737953931322953,0.26197471669331385,0.0,0.0,2.69899123711,0.0203150447816,24.96,1.03846039886
Two Tits For Tat,False,2,2.38607931881,0.852557924198,0.195846118441,0.468187340415,113.0443163265306,1.0,0.81087755102,0.733540816327,0.744755102041,0.728673469388,0.743602040816,0.739102040816,0.735010204082,0.731551020408,0.728775510204,0.696072193877551,1.0,0.0,0.4039108645478998,0.0,1.0,0.0,NA,NA,NA,NA,0.0,0.0,1.0,0.0,1.0,0.0,NA,NA,0.0,0.0,0.6674260588657573,0.9999963144351107,0.6990401703074837,0.7112012376044925,0.9999999678684472,0.026216247220303777,0.0,0.0,0.0,0.0,0.024561159291315204,0.009741341991341992,0.025683851910690704,0.011545546051202407,0.038448225358039045,0.019159796218907593,0.0,0.0,0.031087823131506306,0.2174443697222776,2.56861804124,0.0157918841769,56.16,0.7310266753
Tullock,True,11,2.24146591837,0.850640172531,0.216088520408,0.265805821543,17.43272448979592,1.0,1.0,1.0,1.0,1.0,1.0,1.0,1.0,1.0,1.0,0.5017247448979592,0.8569545376138672,0.5754883541331286,0.6224831127655338,0.05067898555381265,0.884824095775716,0.6545978774308324,0.7892486640021449,0.4823039177033609,0.6720980362694899,0.6233771308298254,0.5082056492582808,0.3297454929254092,0.7908254837203524,0.5407043411401312,0.5450168604262392,0.34365983295368263,0.490497532457321,0.34233377588001007,0.33803960238251757,0.011848957659371676,0.43698030971182444,0.37553272535783555,0.9999992886480369,0.6916182861196325,0.5567343217660616,0.08859245640927264,0.18950424366682622,0.013041154737532161,0.5844605859442594,0.09446329829619397,0.9999858653660948,0.19431979883713765,0.2784169041779074,0.15530662357053182,0.09341239502141681,0.1999610141684131,0.26747181871102127,0.08179504276050222,0.3319141587943099,0.3484820140177283,2.24716185567,0.0254184522742,130.98,2.99993333259
Tricky Defector,False,inf,2.23192179349,1.33592269243,0.421094469162,2.66804778607,200.0,0.0,0.0,0.0,0.0,0.356479591837,0.452234693878,0.344979591837,0.326418367347,0.268193877551,0.228153061224,0.3185034183673469,0.0,1.0,0.0,0.16772712944330562,NA,NA,0.0,0.0,0.0,1.0,NA,NA,NA,NA,0.0,0.0,0.0,1.0,0.0,0.24211945895835893,0.053225156394215975,0.4281100621766617,0.9999998803005589,0.34568603469143755,0.0,0.0,0.09829638086364567,0.9999506550851176,0.051166975881261595,0.22571179063666674,0.0,0.0,0.0,0.0,0.8362362218296644,0.2392356144262248,0.4123118700914492,0.11463397767234208,0.8880367802022833,0.3101684400557611,2.26852216495,0.0244427511657,94.96,1.48270023943
Tricky Cooperator,False,10,2.50005964253,1.14300281128,-0.416404571955,2.24965659788,38.64134693877551,1.0,1.0,1.0,0.298663265306,0.328091836735,0.662214285714,0.740663265306,0.760857142857,0.828336734694,0.831530612245,0.77776,0.9153839508277245,1.0,0.0,1.0,0.8979344624011192,1.0,0.0,1.0,1.0,1.0,NA,NA,NA,NA,0.0,1.0,1.0,1.0,NA,NA,0.3964804635422008,0.9999998949731701,0.3321412215872104,0.053107271225313765,0.4891414232020637,0.11354427909924973,0.4500081702345489,0.9998734663655746,0.16581193467825944,0.3246189960832818,0.0,0.0,0.0,0.0,0.6911395269196519,0.9561974478133217,0.17480087302772399,0.09928704067201029,0.0,0.0,2.16343298969,0.0279266210496,71.18,1.359264507
Tit For Tat,False,1,2.37293322338,0.798125295486,-0.00917938784903,0.0120508727876,112.95433673469388,1.0,0.809948979592,0.854857142857,0.806224489796,0.891030612245,0.826979591837,0.872775510204,0.830653061224,0.888275510204,0.804897959184,0.799753112244898,1.0,0.0,1.0,0.0,1.0,0.0,NA,NA,NA,NA,1.0,0.0,1.0,0.0,NA,NA,NA,NA,1.0,0.0,0.7353723207876115,0.5050914642672997,0.9999985787526745,0.5161009183851611,0.8200014841649501,0.18138335010298623,0.0,0.0,0.0,0.0,0.9999979589727217,0.01747444092103726,0.2167268626261979,0.36032051548982696,0.0,0.0,0.0,0.0,0.22845355930860875,0.12192042877757163,2.65839175258,0.0151046654823,0.0,0.0
Tit For 2 Tats,False,2,2.48088754219,0.708848707006,-0.218986844124,0.33310767147,150.73511224489795,1.0,1.0,0.931989795918,0.895755102041,0.894,0.912693877551,0.920418367347,0.919112244898,0.917887755102,0.905867346939,0.8868163775510204,1.0,0.7750988838719663,1.0,0.0,1.0,1.0,NA,NA,1.0,0.0,1.0,0.0,1.0,1.0,NA,NA,NA,NA,1.0,0.0,0.8246544456978772,0.82379283820173,0.9999914650682681,0.5688530203170111,0.7802809729952587,0.2697504992129433,0.0,0.0,0.15580745785466654,0.07870098988783882,0.019246066483238847,0.09528788172708373,0.08485850467357178,0.016740040667846276,0.0,0.0,0.0,0.0,0.0991459427995752,0.9999990814207644,2.63550670103,0.0119211215614,0.0,0.0
Tester,False,inf,2.21329894139,0.909349829569,0.0964818579319,0.395086732908,200.0,0.0,1.0,0.876326530612,0.347051020408,0.639653061224,0.405489795918,0.618897959184,0.403346938776,0.567673469388,0.382816326531,0.4691907142857143,0.8551559761833674,0.04578759796153056,1.0,0.0033201077391803494,0.9948231674622906,0.009111508133917519,1.0,1.0,1.0,0.0,1.0,0.0,0.363503874033803,0.08132050509012358,NA,NA,1.0,0.0,1.0,0.0,0.4010145113321711,0.3552568778034531,0.9999994073205596,0.6785607503788961,0.3121981920380733,0.04838625048231062,0.12410007616867884,0.0010480450562395966,0.0022758800525680936,0.0015848278705421562,0.05859961334713479,0.05187800203432857,0.14542334624182082,0.06719141001094445,0.0,0.0,0.0008627544046034524,0.0015651597548602448,0.057046610034397954,0.9999998822819843,2.22214690722,0.017884398354,57.54,2.86851878153
Suspicious Tit For Tat,False,1,2.1457226143,0.880452727765,0.0133083384474,0.0124738361764,200.0,0.0,0.810091836735,0.441112244898,0.589867346939,0.450071428571,0.602275510204,0.468581632653,0.634744897959,0.472663265306,0.563755102041,0.5341849489795918,1.0,0.0,1.0,0.0,1.0,0.0,NA,NA,NA,NA,1.0,0.0,1.0,0.0,NA,NA,NA,NA,1.0,0.0,0.4481639831812122,0.4920985740925289,0.999999061366734,0.6835097513094379,0.9999999048527998,0.05198829209903009,0.0,0.0,0.0,0.0,0.09725218290937408,0.05021985096889914,0.05875294514569656,0.10795093957991257,0.0,0.0,0.0,0.0,0.050691063585433994,0.3548497732426304,2.17596443299,0.0110050479123,91.6,2.4
Stochastic WSLS,True,1,2.20508030612,1.17033077641,-0.169746173469,1.67244869834,12.81345918367347,1.0,0.779,0.742724489796,0.779704081633,0.737591836735,0.713867346939,0.703265306122,0.700663265306,0.655816326531,0.663918367347,0.5502565306122449,0.9499598194354879,0.050132914438531205,0.050063723789229374,0.9499313301789211,0.9499614389545163,0.050243532571678254,0.04929685302109263,0.9482093125519129,0.9519495175877799,0.049383367021120776,0.049966198098506234,0.9499124993207427,0.949540495472254,0.05060165229885057,0.05018580832441814,0.9499084415548646,0.9497892963927633,0.050151168820239664,0.05100025757705847,0.9505199282339348,0.3101066557276177,0.9999997599352772,0.4621540095744249,0.3525256528157874,0.2805540795101939,0.028735134899859655,0.08829007276185322,0.0010760551251586324,0.004602461230986139,0.00889397295715361,0.9999981415265982,0.5045413455475931,0.010169169566469904,0.0049105897600260915,0.2830273269239497,0.5168732331878333,0.15213235151725485,0.31093638599188955,0.001789519730029556,0.010972686044114615,2.20129536082,0.0338394996471,85.3,3.95347948015
Soft Joss: 0.9,True,1,2.72963663265,0.552111238334,-0.0785466836735,0.149743927219,114.86176530612245,1.0,0.829214285714,0.869846938776,0.8295,0.896163265306,0.851244897959,0.88437755102,0.865255102041,0.897918367347,0.84637755102,0.8670982653061224,1.0,0.10003073289591059,1.0,0.09979668496975867,1.0,0.09995492852344141,NA,NA,1.0,0.1001848193231789,1.0,0.10004323103563136,1.0,0.09999400982388883,NA,NA,1.0,0.1003734291328746,1.0,0.09971851199357626,0.8089505691723926,0.5771768514838896,0.9999977664892463,0.4719343253125488,0.8385117855981404,0.23419603003428188,0.0,0.0,0.022649384514931165,0.002605187053502386,0.9999961131689935,0.29608481889410626,0.25636982120465396,0.1173813180314092,0.0,0.0,0.042602848208162,0.14714894949097646,0.27839140769049076,0.06880272108843537,2.72845618557,0.0236100507741,0.0,0.0
Soft Go By Majority: 5,False,5,2.44703590058,0.736812984087,-0.0463370665848,0.259984177199,131.36618367346938,1.0,0.810071428571,0.932163265306,0.806632653061,0.913081632653,0.814602040816,0.872214285714,0.849153061224,0.89793877551,0.835255102041,0.8247606122448979,1.0,0.4481735529883296,0.6899377535471777,0.0,1.0,0.9026294637731083,NA,NA,1.0,0.49631112501303304,0.9700920954013902,0.0,1.0,0.0172168070424545,0.5510809201492265,0.0,NA,NA,0.11714649839367737,0.0,0.7552853553481694,0.9999987569114259,0.4378694366259334,0.49406656507724245,0.8249525985958157,0.2219031307604627,0.0,0.0,0.12140404362350773,0.09103652133675864,0.9999959160042343,0.009217738089657415,0.08509781080950048,0.33306744273739425,0.21719431056897123,0.1196083828447637,0.0,0.0,0.25397713425361185,0.10921325499896928,2.65689793814,0.0145834633592,8.44,1.18591736643
Soft Go By Majority: 40,False,40,2.54586491255,0.644806784994,-0.234198565511,0.531471147463,140.60487755102042,1.0,0.810510204082,0.932224489796,0.806867346939,0.913397959184,0.81456122449,0.940714285714,0.833540816327,0.938591836735,0.821816326531,0.8819244897959184,1.0,0.7469682083052547,0.5297821972615914,0.0,1.0,0.9926171466964815,NA,NA,1.0,0.701093058905086,0.953578436213285,0.0,1.0,0.052190959202208495,0.5291983477116537,0.0,NA,NA,0.02960621451440227,0.0,0.8095956824941032,0.6852620567140856,0.9999970105768484,0.4448173345769306,0.8322718266158327,0.388483429283122,0.0,0.0,0.21280772221199157,0.1727685235620095,0.9999869020121013,0.22167080480390333,0.10109537166694912,0.20627049126315422,0.2837350632039646,0.0987778245841013,0.0,0.0,0.45834336091514605,0.07445480313337456,2.67862731959,0.0174419076713,6.98,1.56192189305
Soft Go By Majority: 20,False,20,2.51681190549,0.673418906314,-0.167630024547,0.414667950782,138.3713775510204,1.0,0.81,0.932051020408,0.806591836735,0.913081632653,0.81412244898,0.940479591837,0.832724489796,0.937836734694,0.821336734694,0.8835268367346939,1.0,0.7527250720487721,0.498564557562216,0.0,1.0,0.9814314400497873,NA,NA,1.0,0.6358129180795419,0.9442851133799854,0.0,1.0,0.11500782133111064,0.48916771568788425,0.0,NA,NA,0.1260999676858881,0.0,0.8170686083478618,0.6783477852417059,0.99999681940244,0.46332267649576553,0.8411710599686048,0.39185975909489645,0.0,0.0,0.21199005110605632,0.16334199085192339,0.9999827497374927,0.2567076499722544,0.11421894840475237,0.17276526270616058,0.2912455489117993,0.10242264995979893,0.0,0.0,0.5384143405615288,0.07369851576994434,2.68834329897,0.018375709596,7.12,1.21061967603
Soft Go By Majority: 10,False,10,2.4873663317,0.698396846823,-0.142215787051,0.301422260464,136.65425510204082,1.0,0.810744897959,0.932285714286,0.806897959184,0.913326530612,0.814469387755,0.940551020408,0.833285714286,0.938224489796,0.822010204082,0.8905957653061225,1.0,0.7677243642068463,0.4965242268970404,0.0,1.0,0.9664877385455426,NA,NA,1.0,0.6384621169796725,0.9613990203514907,0.0,1.0,0.24008435181071242,0.5299346417783584,0.0,NA,NA,0.09309225257501119,0.0,0.8263474515434315,0.691464149629454,0.999996463434292,0.463757928895301,0.8493982439014617,0.406255333085762,0.0,0.0,0.2159993350089856,0.17479191218315399,0.9999792382687379,0.27698509221791684,0.12096525560494722,0.1643791856480895,0.29954094578292373,0.09312709999342562,0.0,0.0,0.5581347709331564,0.07030936920222634,2.69930463918,0.0164491740385,4.98,1.07684725008
Soft Go By Majority,False,inf,2.55519465327,0.636957769182,-0.281305615219,0.693620890721,141.98479591836735,1.0,0.810428571429,0.932459183673,0.806489795918,0.913428571429,0.814612244898,0.940969387755,0.833602040816,0.938663265306,0.822173469388,0.8633158163265306,1.0,0.6074719769780009,0.7249701040496834,0.0,1.0,1.0,NA,NA,1.0,0.6724028476320099,1.0,0.0,1.0,0.0,0.6478503130721761,0.0,NA,NA,0.0,0.0,0.7727889960004102,0.6544960383152898,0.999998054589634,0.3898737976569129,0.7946235859084321,0.302753064803469,0.0,0.0,0.17507749673689998,0.14092388424476654,0.9999955119994921,0.14070183765198035,0.07773454143995095,0.32038662753120617,0.16724793320745665,0.06965092996348843,0.0,0.0,0.25700442230382714,0.07855988455988457,2.64427886598,0.0168282075453,8.74,1.64085343648
Sneaky Tit For Tat,False,inf,2.53825713409,0.815844693685,-0.30618479595,1.13735835385,19.284836734693876,1.0,1.0,0.121704081633,0.15112244898,0.617663265306,0.695142857143,0.529275510204,0.506367346939,0.662193877551,0.722765306122,0.7166045408163265,0.9930306074139643,0.42579284356781993,0.30551643632527803,0.4706991511695717,0.9923836322914152,0.0,0.0,0.0,1.0,0.0,1.0,0.0,1.0,1.0,0.0,1.0,1.0,1.0,1.0,1.0,0.5287635114347247,0.9999996563280062,0.42845442921587334,0.30227677010027076,0.5615849084972321,0.10519495386967145,0.06500843352645226,0.00019065029146219083,0.02760763042312496,0.07440009142831727,0.9999957713727317,0.5814241567453157,0.07878708751393004,0.05539055216638516,0.42159605038852144,0.08699644188218712,0.11324819633305076,0.21780756615773342,0.21169777309550156,0.0642917439703154,2.42498453608,0.0284807435416,53.62,2.66375674565
Shubik,False,inf,2.41535095121,0.871734422414,0.253080891378,0.490337829262,113.03266326530613,1.0,0.810663265306,0.85512244898,0.806744897959,0.819459183673,0.813295918367,0.788081632653,0.815479591837,0.811969387755,0.77756122449,0.7152769387755102,1.0,0.0,0.16315815759573485,0.0,1.0,0.0,NA,NA,NA,NA,0.13635124079629124,0.0,1.0,0.0,0.13774320476001095,0.0,NA,NA,0.24703695885831023,0.0,0.6991048610398933,0.15340819739804917,0.9999991499268484,0.645318808057673,0.8381972267335965,0.08678860998658103,0.0,0.0,0.0,0.0,0.9999857382774946,0.007870818538881942,0.08887155163848894,0.03599303241364558,0.6578630974801798,0.1472859911834261,0.0,0.0,0.6836908461072172,0.17295990517419088,2.74071082474,0.0146008069415,39.76,0.813879597975
Risky QLearner,True,inf,2.28027923469,0.875968355615,-0.78369005102,1.16472032296,29.045224489795917,0.950010204082,0.950673469388,0.950602040816,0.950959183673,0.950632653061,0.949163265306,0.94962244898,0.950020408163,0.950081632653,0.949918367347,0.8568623979591836,0.9500940389164015,0.9266216348372184,0.949948062993663,0.11043795694464097,0.9500797144803086,0.9499726437290331,0.9500024012625673,0.950717308287749,0.9499252068463477,0.9483966170637574,0.9495199688849768,0.37398898032705824,0.9505005863166504,0.9504488778971274,0.9493718533854044,0.9514114155566291,0.9517309757911262,0.44570127613684024,0.9496653688576736,0.05165083798882682,0.6635688134550303,0.840277894570898,0.9999974631833549,0.31560085762957557,0.6527711445317645,0.2554453482153442,0.09873121964759676,0.0301022373974515,0.937070550795683,0.47221396781080754,0.008862276047930117,0.18452913889804565,0.19035698075501553,0.15761433172101347,0.01701978632637509,0.00674872332877094,0.9999461693563704,0.11476297432144715,0.03925906469572243,0.09224902082044939,2.27605824742,0.0272160100853,61.94,3.67102165616
Retaliate (0.1),False,inf,2.45993843971,0.930449542074,0.413840518564,0.712517680882,112.93160204081633,1.0,0.809948979592,0.733673469388,0.70143877551,0.671510204082,0.653295918367,0.636724489796,0.630836734694,0.625785714286,0.621510204082,0.6490942857142857,1.0,0.0,0.0964500625446365,0.0,1.0,0.0,NA,NA,NA,NA,0.0,0.0,1.0,0.0,0.11148284093047689,0.0,NA,NA,0.07865063968663008,0.0,0.636936673161727,0.9999908101887478,0.897583022370257,0.6693000037283282,0.6290365903937333,0.022321319845259525,0.0,0.0,0.0,0.0,0.019767525837668772,0.014414037199338831,0.01994415531137825,0.009045626614467762,0.22371042606667735,0.08845065566930269,0.0,0.0,0.09432835655020186,0.9999997350941766,2.68760154639,0.0141853131252,56.72,1.00079968026
Retaliate (0.08),False,inf,2.46638232587,0.938282556298,0.458035440319,0.785737068664,112.94886734693877,1.0,0.810193877551,0.732704081633,0.700295918367,0.670540816327,0.652612244898,0.63593877551,0.630346938776,0.625418367347,0.621183673469,0.6510710714285715,1.0,0.0,0.07453459521933131,0.0,1.0,0.0,NA,NA,NA,NA,0.0,0.0,1.0,0.0,0.08127718692113972,0.0,NA,NA,0.07046911749780467,0.0,0.6412721772125936,0.9999885397656485,0.9154546930089092,0.6713057442863478,0.9999999658010077,0.00966569318744934,0.0,0.0,0.0,0.0,0.007570912859949718,0.004011440940012369,0.008473201623219028,0.0020996178243817753,0.10466426132230133,0.031359238822638455,0.0,0.0,0.03446027320199019,0.21837351871126856,2.70130412371,0.015673813485,56.52,1.00478853497
Retaliate (0.05),False,inf,2.35854767567,0.886414406184,0.442524547407,0.788503096445,112.96227551020408,1.0,0.810326530612,0.732765306122,0.700295918367,0.670091836735,0.652571428571,0.635510204082,0.629520408163,0.624673469388,0.620142857143,0.6234710714285714,1.0,0.0,0.045866054945351176,0.0,1.0,0.0,NA,NA,NA,NA,0.0,0.0,1.0,0.0,0.053782013451054406,0.0,NA,NA,0.02646868947708199,0.0,0.6161697774587221,0.9999844514290078,0.9412770365395263,0.673574584018544,0.9999999620497213,0.006172153688884712,0.0,0.0,0.0,0.0,0.005426150147781941,0.003085858585858586,0.004812161466602273,0.0023183504395567845,0.1175496267865931,0.03831957801965945,0.0,0.0,0.03954642514930164,0.2331093134793431,2.69159123711,0.0195622226104,56.6,0.959166304663
Random: 0.5,True,0,2.16805229592,1.17022098147,-0.117694132653,1.6717926452,101.00783673469388,0.499959183673,0.500418367347,0.500887755102,0.496836734694,0.499173469388,0.497295918367,0.500693877551,0.499928571429,0.498591836735,0.500857142857,0.5002515306122449,0.50027101296091,0.5003561566901316,0.5001173204609467,0.5002569306075619,0.500292737806418,0.4998868773262236,0.5005456839725985,0.5017031046687717,0.49955808441686933,0.5004118795643708,0.49940947606831815,0.5005732142626473,0.5007219166419801,0.5009413322373683,0.4999335474507934,0.5002601018517038,0.4996148856224942,0.500134486350887,0.49962774937860527,0.4998448737965191,0.238586503948313,0.9999997925557488,0.4765247902185585,0.34349581637863325,0.13619187763007543,0.02033392172863984,0.602138094736417,0.16319785789610688,0.05145283534200341,0.10799881363231802,0.057718891912046946,0.3488489297921152,0.1380043464077227,0.06461314532615187,0.21944265253340392,0.7042624095105231,0.9999911926681141,0.2435843601283081,0.03644313790716164,0.11312033601319316,2.16870979381,0.0405485250166,88.94,5.04741518007
Random Hunter,False,inf,2.6153559374,0.669825560662,-0.458920489414,1.26450021694,175.91848979591836,1.0,1.0,1.0,1.0,1.0,1.0,1.0,1.0,1.0,1.0,0.9606502551020408,0.999576947483799,0.9970402249321325,0.014728442008164979,0.017863661873600358,0.9997764632653854,0.9903469828845143,0.01254930082466834,0.013161428955143701,0.9917980516331898,0.9981615365598938,0.30454818673612505,0.0012320328542094457,0.9946746932160222,0.2982233502538071,0.03611865361955018,0.0005504159103004323,0.1756440281030445,0.9977112963871179,0.0003994886545222116,0.07549300462396139,0.7892979181622398,0.8930408848593078,0.9999955735753523,0.08932779868101781,0.7747699478480499,0.3319467151175353,0.4016788647414514,0.9986957519292912,0.07820096701239244,0.7424364705592267,0.001244776273765087,0.4122595896178896,0.006268041723917476,0.00039290655507353677,0.9083812917727806,0.6802948878528491,0.10277370381659541,0.014942095104525613,0.40213108820761667,0.004335549371263657,2.48086958763,0.0215849217168,7.48,1.22049170419
Punisher,False,inf,2.38474014268,0.856003023892,0.222099378644,0.541658091291,112.94233673469388,1.0,0.809948979592,0.733520408163,0.7015,0.671357142857,0.653826530612,0.637255102041,0.631591836735,0.626418367347,0.621908163265,0.674955306122449,1.0,0.0,0.20929027716456666,0.0,1.0,0.0,NA,NA,NA,NA,0.05288655971960097,0.0,1.0,0.0,0.2923986532132106,0.0,NA,NA,0.12226249414525032,0.0,0.6559425699928213,0.9999941944607316,0.8123868574506689,0.7029084198731833,0.9999999667645276,0.020263228432203084,0.0,0.0,0.0,0.0,0.015788467707347365,0.006923520923520924,0.0194610783176844,0.003905900939482427,0.06533701754083593,0.027168303408756728,0.0,0.0,0.03452236354492863,0.2197696211327499,2.61982886598,0.0160470066878,55.36,1.69422548676
Prober 3,False,inf,1.8669455738,0.916504397015,0.536585225529,1.01287393196,200.0,0.0,1.0,0.0,0.246734693878,0.0775408163265,0.219724489796,0.087806122449,0.275224489796,0.103224489796,0.225612244898,0.1969866836734694,0.9845375758250738,0.0,0.22661520527097154,0.0017137592267902073,1.0,0.0,0.0,0.0,NA,NA,1.0,0.0,0.7069229542191737,0.0,0.0,0.0,0.0,0.0,0.3941472115562038,0.0,0.14318772433596555,0.17797519364549325,0.9999997989048025,0.6488302174866962,0.9999994117408508,0.008560107631620883,0.004146481679536838,0.002858786983801797,0.0,0.0,0.07990130115828456,0.08198884381179436,0.014822923030430238,0.11510186168951686,0.4733677562751961,0.058439252142552287,0.0007533394649658613,0.00164741412044126,0.2037689890196501,0.5197867450010307,2.23808402062,0.0220856373592,110.92,2.19854497339
Prober 2,False,inf,2.32533560908,0.803116482483,-0.173404418533,0.500883496582,200.0,0.0,1.0,1.0,0.610306122449,0.693204081633,0.702857142857,0.688755102041,0.663816326531,0.703051020408,0.643040816327,0.6408747448979591,1.0,0.3335464726440978,1.0,0.0031839435221693037,1.0,0.27086478008663645,NA,NA,1.0,0.9022187855472195,1.0,0.0,1.0,0.07992292784062739,NA,NA,1.0,1.0,1.0,0.0,0.5553034560557891,0.5913374774964665,0.9999984241954728,0.6740023635388108,0.7217471047446523,0.23074674861211933,0.0,0.0,0.017262147035944465,0.08146841155207268,0.999996015819734,0.30323839259809515,0.22701496360453213,0.2537874091599609,0.0,0.0,0.010014569507107877,0.00777554611655049,0.4061807240119727,0.27600360750360753,2.25298041237,0.0148550733907,52.54,2.36397969534
Prober,False,inf,1.90933932955,0.905997886495,0.482662434796,0.990651103108,200.0,0.0,1.0,1.0,0.246846938776,0.347908163265,0.326632653061,0.320408163265,0.27556122449,0.322653061224,0.25237755102,0.26684117346938774,0.9912309985272981,0.047886175875344814,0.28885581790882153,0.0017917349819401127,0.9900819666881722,0.0,0.0,0.0,1.0,0.0,1.0,0.0,1.0,0.06223655499373428,0.0,0.0,1.0,1.0,0.5537481285753348,0.0,0.2082823300174341,0.22610492802312054,0.9999997171632277,0.6724857128269112,0.19166212915374395,0.02753229517639699,0.003112195653283214,0.0003572916605497008,0.0012893583805679675,0.0020185530092183073,0.03308364254792826,0.040958884241370334,0.029940463600782997,0.04803556740613385,0.18330064172572746,0.025667665166256595,0.0004267647739434861,0.0008946939782585124,0.07162827684275011,0.9999999310540636,2.17034896907,0.0242234543144,73.94,3.01270642446
Opposite Grudger,False,inf,2.3098277846,0.938415321331,-1.02610271556,1.52036460938,200.0,0.0,0.810010204082,0.875928571429,0.887459183673,0.888091836735,0.888479591837,0.888663265306,0.888785714286,0.888836734694,0.888857142857,0.8839398469387755,1.0,1.0,1.0,0.0,1.0,1.0,NA,NA,1.0,1.0,NA,NA,1.0,1.0,NA,NA,NA,NA,1.0,0.0,0.6913242744333914,0.9773331540310797,0.9999766931437094,0.36160352829593556,0.6425979694908266,0.2958839382132143,0.0,0.0,0.14001583987984845,0.46349055749623186,0.0,0.0,0.018739931115357725,0.020303734489092184,0.0,0.0,0.0,0.0,0.0035675888721470395,0.9999992657641712,2.22204742268,0.0120986487916,41.56,1.82384209843
Once Bitten,False,12,2.46317025928,0.749779837206,0.0376735578398,0.30245875822,150.76567346938776,1.0,1.0,0.931959183673,0.884255102041,0.858602040816,0.833234693878,0.818734693878,0.814806122449,0.811295918367,0.808244897959,0.8291075510204081,1.0,0.8501370713355332,0.09699603738284412,0.004238612656360199,1.0,1.0,NA,NA,1.0,0.0,0.0,0.0,1.0,1.0,0.11165778730569764,0.10177130796694084,1.0,0.0,0.0496384240444941,0.0,0.7896912111578299,0.46195187708374114,0.9999979426317958,0.5935772177827427,0.7574407854050711,0.15595891649519095,0.0,0.0,0.11463917371846208,0.02703868121196185,0.0065632432952953765,0.026240534484713113,0.022912951106974857,0.0022087531518152482,0.22633823540227854,0.031452775052668275,0.0029049540590209188,0.0011510795422094574,0.06743579544700651,0.9999993578880237,2.72035309278,0.0133825221854,26.72,1.82252571998
Omega TFT,False,inf,2.44490622123,0.830836348437,0.255709189936,0.618045620021,112.9040918367347,1.0,0.809520408163,0.854591836735,0.805102040816,0.890489795918,0.900826530612,0.889602040816,0.90787755102,0.896326530612,0.882969387755,0.8032692857142857,0.9999868536749931,0.03750875327095915,0.2354543434424295,0.0005873370139786209,1.0,0.0003107786612941252,0.5140845070422535,0.0,0.9842723004694836,0.1737057220708447,0.2940671232184605,0.009674521456706517,1.0,0.16270527225583406,0.3304612031665652,0.0,1.0,1.0,0.042826239216972685,0.0,0.7839936416777766,0.2076955528002472,0.9999989251436787,0.565841630683072,0.7755647546309715,0.06841909884140075,7.402794556296681e-05,1.3691144714033522e-05,0.002956872157243902,7.56545042259328e-05,0.050523104193456236,0.007458304926358877,0.06856585337078941,0.022160462121946337,0.24767486096843208,0.09252685353804817,0.0001538018359172632,0.00031829603067758534,0.19041884452219582,0.9999992038073326,2.84458762887,0.0183342986957,39.46,0.973858305915
Nydegger,False,3,2.47907697913,0.790364899707,-0.860812365756,1.31227548517,147.0538775510204,1.0,0.810775510204,0.733551020408,0.846387755102,0.861010204082,0.964785714286,0.962571428571,0.947316326531,0.974173469388,0.956683673469,0.9641602040816326,0.9911758211313292,0.8512394810694147,0.9643910784127703,0.5092559629761481,0.9907435268094348,0.9869935262897594,0.9962762509233993,1.0,1.0,1.0,0.9764665912112179,0.4869612319120947,0.9883033636089961,0.0006109817866329405,0.3325314087142475,0.3530046480743692,1.0,0.7462852210370553,0.0,0.5915756797259687,0.7841924418008409,0.8430455660332019,0.9999974936913772,0.010678883237638336,0.9999999800629331,0.04258864039541947,0.0091191553386756,8.946239652562633e-05,0.04007605435727181,0.11901214299965004,0.02964938599991471,0.0008875356256959057,0.008944038171638961,0.03253671247714403,0.0007701880854859914,0.0008261213835333746,0.0004626444509940982,0.0011108879552903044,0.00019744437047635176,0.0009628942486085343,2.51097628866,0.0240526254834,10.46,0.887918915217
Nice Average Copier,True,inf,2.77580510204,1.12297316457,0.804964285714,1.64528133217,112.94914285714286,1.0,0.809897959184,0.733071428571,0.70112244898,0.670867346939,0.653295918367,0.636418367347,0.630755102041,0.625428571429,0.621571428571,0.5647457142857143,1.0,0.0,0.0,0.0,1.0,0.0,NA,NA,NA,NA,0.0,0.0,NA,NA,0.0,0.0,NA,NA,0.0,0.0,0.5625585068198133,0.9999527467058843,0.9857990472106473,0.6210491838483696,0.9999999521891431,0.0018647721940031013,0.0,0.0,0.0,0.0,0.0017775220139555129,0.0012232221326304953,0.0,0.0,0.1810327830598209,0.04643726351998196,0.0,0.0,0.04361406816799729,0.24478932178932178,2.77409175258,0.0168299968106,56.66,1.09745159347
Math Constant Hunter,False,inf,2.6462147131,0.835971590152,0.135648396747,1.40698000624,124.15334693877551,1.0,1.0,1.0,1.0,1.0,1.0,1.0,1.0,0.752571428571,0.800428571429,0.7418505612244898,0.9791765479827164,0.9009042253862185,0.04562266384327588,0.13258503238672006,0.9876340873509869,0.7920488052872394,0.2742050550346514,0.5361574574067135,0.8539713628735488,0.9293665159292341,0.18004901254144443,0.5452460850111857,0.6143647670760701,0.8794945976264982,0.02481284888479253,0.11487529891121387,0.3345836095258112,0.781544963814088,0.022209371564675704,0.08723408997349094,0.6447664854886679,0.9999991793227458,0.6003637014886711,0.31385996948418143,0.6787872058519501,0.036834616705597074,0.03768427550355514,0.0025377431218713007,0.3158676001880507,0.2689470747625556,0.9999155980667453,0.0380302122407187,0.02496902747179664,0.006145098487489614,0.6624379292376416,0.917090008357434,0.07773453930514725,0.06251568169982587,0.30507414475877587,0.07861863533292104,2.77077216495,0.0232434517604,45.64,1.36762567978
Limited Retaliate (0.1-20),False,inf,2.47616024854,0.909391611908,0.383275161092,0.731916945952,112.94207142857142,1.0,0.810020408163,0.733367346939,0.700367346939,0.670612244898,0.652704081633,0.635714285714,0.630102040816,0.625040816327,0.621,0.6586758673469387,0.9995036287587483,0.0,0.09152050248874141,0.043790703249442675,1.0,0.0,0.4403607666290868,0.0,NA,NA,0.0,0.0,0.988911535093851,0.0,0.11042661628521222,0.008663055385264766,0.0,0.0,0.0730639913685672,0.05074907531572673,0.6369682083888832,0.9999950692856083,0.8371701703150477,0.6298522028309896,0.9999999643978112,0.010131897151258652,0.00028716731428706454,0.00011010702709391754,0.0,0.0,0.014707319611279258,0.010159554730983303,0.009026370915734558,0.004265669364997969,0.10119088025562724,0.039175268851652366,0.0003667239058645024,0.012810704646414088,0.036278945432916085,0.1959146479097053,2.6973871134,0.015137567871,54.68,1.13912246927
Limited Retaliate (0.08-15),False,inf,2.50049689322,0.921852414619,0.419025199448,0.816882694296,113.02719387755101,1.0,0.810428571429,0.733428571429,0.701653061224,0.671887755102,0.653948979592,0.63737755102,0.631857142857,0.626704081633,0.62212244898,0.6574867346938775,0.9977105454521924,0.0,0.07310730899561015,0.06538727236989304,1.0,0.0,0.07240256436348835,0.0,NA,NA,0.0,0.0,0.9206282621146974,0.0,0.08402620498867591,0.05409431735723762,0.0,0.0,0.07521494510296609,0.07110763051250366,0.6339231873653984,0.9999955199451425,0.832451846152371,0.6121378092527694,0.6359448317177919,0.01930654239986137,0.0010260413184888125,0.0020619210699742755,0.0,0.0,0.01282343846629561,0.031742107711443014,0.0181866338973126,0.002318410995253393,0.25414042098106204,0.13152703749270633,0.004421443291694757,0.04117788310671152,0.09876642016238288,0.9999996521564658,2.7128742268,0.0139348024115,54.7,1.03440804328
Limited Retaliate (0.05-20),False,inf,2.52940932801,0.978628935002,0.554919070267,1.03712923425,112.89266326530613,1.0,0.809857142857,0.732755102041,0.700479591837,0.670887755102,0.652714285714,0.636418367347,0.630571428571,0.625785714286,0.621183673469,0.647137193877551,0.9932343987470337,0.0,0.06856394342866842,0.04897353886353921,1.0,0.0,0.45099926835842735,0.0,NA,NA,0.0,0.0,0.5272203502015765,0.0,0.06023397098074382,0.0401999807710797,0.0,0.0,0.08199746404004507,0.0526666113313181,0.6299398523228387,0.999993682670099,0.8768336552096554,0.62106826128628,0.9999999630713685,0.005902784661763411,0.0033566966424980822,0.0024672205437869608,0.0,0.0,0.011303408469809137,0.008251030715316429,0.008771827834624305,0.0019497126646300948,0.11516779164501646,0.04136388955794357,0.0016048111349484192,0.013264898961098734,0.035723167197095985,0.1959554760859074,2.73213092784,0.0169480243944,54.64,1.09105453576
Joss: 0.9,True,1,2.09032989796,0.899387429766,0.219415816327,0.218358738848,6.86080612244898,1.0,0.729683673469,0.770051020408,0.696806122449,0.747806122449,0.677204081633,0.692418367347,0.641714285714,0.659316326531,0.58743877551,0.4263533163265306,0.899872814169402,0.0,0.9000727794300007,0.0,0.8998752946080167,0.0,0.899788912343073,0.0,NA,NA,0.9002086240522448,0.0,0.8998321154080057,0.0,0.9009046647277168,0.0,NA,NA,0.9000463997826443,0.0,0.36446056814685673,0.36915975336528956,0.999999290102313,0.7353478684131723,0.9999998275740438,0.05151313576444168,0.06304373090226761,0.008627856082949577,0.0,0.0,0.07382312411542565,0.025035765821480108,0.13129989822518864,0.0974780861002529,0.018732032550335464,0.012079752789770061,0.0,0.0,0.08693333690798634,0.44907593186991623,2.10038092784,0.0262909448117,140.24,3.30187825336
Inverse Punisher,False,inf,2.35750594508,0.882932842858,0.405471386929,0.728947871322,112.97795918367346,1.0,0.810581632653,0.733969387755,0.777306122449,0.715602040816,0.697479591837,0.679897959184,0.663418367347,0.658316326531,0.653540816327,0.6504863775510205,1.0,0.0,0.07081950208461518,0.0,1.0,0.0,NA,NA,NA,NA,0.0,0.0,1.0,0.0,0.07101725568795704,0.0,NA,NA,0.08683362855008302,0.0,0.6411401394728746,0.9999879569318281,0.9184670445785464,0.6748424219429542,0.6383110409107745,0.015493331086597761,0.0,0.0,0.0,0.0,0.015203982272497236,0.003971603793032364,0.012907896598304318,0.009015952781501165,0.2311920999407852,0.08576564968916524,0.0,0.0,0.0885011898507169,0.9999997409301964,2.69505773196,0.019103305978,52.58,0.907524104363
Inverse,True,inf,2.71042010204,0.884926714102,0.218168112245,1.16651968634,115.05370408163266,1.0,0.810142857143,0.772224489796,0.761326530612,0.75362244898,0.74906122449,0.746489795918,0.746551020408,0.745765306122,0.745081632653,0.7436781632653061,0.9571712805849496,0.7340823216022684,0.32267042271698393,0.07068792504042648,0.9761438599581297,0.7423686100653853,0.6706885712431958,0.5889413496029677,0.768107395394638,0.8088097669527047,0.5828070861741366,0.5883744634691453,0.6372811596080493,0.6903765928830328,0.13449599580081212,0.4213141013240062,0.5947056642766433,0.6746388198915192,0.4090655353354918,0.01131168236400754,0.6952996102963799,0.34426325837482724,0.9999991220548465,0.5386616968690118,0.999999967038087,0.02083698588205471,0.033947603850598064,0.00827040463125882,0.022280687816590698,0.016906050298907443,0.009150122305501423,0.005605853017855576,0.026443509950143915,0.011874173396694925,0.07528299832115685,0.008910391744970525,0.009967161831153848,0.006754982971694901,0.009434212551341498,0.14941406016043662,2.70765309278,0.0211922349541,40.48,3.07402016909
Hesitant QLearner,True,inf,2.2806147449,0.875576423486,-0.783293367347,1.16538743696,29.1294693877551,0.949295918367,0.949571428571,0.950163265306,0.950316326531,0.951336734694,0.949459183673,0.951010204082,0.951244897959,0.950530612245,0.950255102041,0.8568607653061224,0.9499902167673788,0.9264333699929772,0.9499819949085216,0.11067666730632864,0.9499905478398921,0.9499739850088613,0.9500754205127273,0.9508912425729785,0.950138568486894,0.9482652548310281,0.9500295021261878,0.37522963667842935,0.9496729789805609,0.9502008413773442,0.9467837888083287,0.9496987529774416,0.9505643830134886,0.44638940542602396,0.9505644318732003,0.051766886531213106,0.6635477386934673,0.8399084597321117,0.9999974712984058,0.31529426398556976,0.6525132882776973,0.2847750698884172,0.8144086595865335,0.9998911841902537,0.1477199145809273,0.4985168323587044,0.009420734934598225,0.23396242023331984,0.21916318374264324,0.18903223446415834,0.02169585318993663,0.014189089138736566,0.6077275542647638,0.1429447613716502,0.28450703472047767,0.09214177489177489,2.27180927835,0.0318681242962,62.16,3.759574444
Hard Tit For Tat,False,3,2.4058792958,0.869802418266,0.270262158638,0.576179937642,112.98151020408163,1.0,0.810224489796,0.733479591837,0.700959183673,0.683581632653,0.688051020408,0.713765306122,0.720489795918,0.717612244898,0.704571428571,0.6758636224489796,1.0,0.0,0.21602133020818143,0.0,1.0,0.0,NA,NA,NA,NA,0.0,0.0,1.0,0.0,0.41002069231752714,0.0,NA,NA,0.0,0.0,0.657297149010358,0.9999939995633822,0.8078782849437328,0.7168004279338321,0.6427188723974439,0.042889174127672756,0.0,0.0,0.0,0.0,0.030286816776447973,0.024579565539793367,0.04199251185120448,0.008534213163201049,0.13513911139485066,0.08375780778819991,0.0,0.0,0.09994844732173988,0.9999997389681154,2.60478969072,0.0152378818355,56.58,0.991766101457
Hard Tit For 2 Tats,False,3,2.46523665235,0.727100129829,-0.125798749616,0.173368069319,150.8289693877551,1.0,1.0,0.931979591837,0.884479591837,0.869959183673,0.868030612245,0.896030612245,0.914448979592,0.912806122449,0.911020408163,0.8718309183673469,1.0,0.7758743673751688,0.4285251527283586,0.026656143400253643,1.0,1.0,NA,NA,1.0,0.0,0.0,0.0,1.0,1.0,1.0,1.0,1.0,0.0,0.0,0.0,0.8174063173007896,0.9999984172221211,0.27131686980946923,0.591007243843608,0.8917818861608564,0.4857500139821457,0.0,0.0,0.035229000144155996,0.1094450881828016,0.999940753936563,0.25751553525038196,0.18456708743129774,0.0008057315427499823,0.3607201004025661,0.4763510930573149,0.13369569721033203,0.07432099761581208,0.546998015072808,0.09650396825396826,2.65554845361,0.0120734557842,0.0,0.0
Hard Prober,False,inf,1.9856225069,0.916202792102,0.328970734888,0.86928724698,200.0,0.0,0.0,1.0,1.0,0.308153061224,0.386428571429,0.316846938776,0.358285714286,0.323234693878,0.344010204082,0.3317843367346939,0.9954285015540817,0.07921014204690814,0.1660586522007457,0.006231452316367968,0.9952505211322233,0.0,0.0,0.0,1.0,0.0,0.9975305939440025,0.0,1.0,0.024588254097240008,0.011147893757524239,0.19315383464170555,1.0,1.0,0.4694032054383132,0.0014506413018507097,0.2926978771408061,0.15206587415302555,0.9999997455670661,0.636620510224845,0.9999998118140871,0.016015917176153947,0.004487350328662497,6.69664374167896e-05,0.0022068561061705664,0.0018598742527313956,0.0497813993682946,0.03141834214194468,0.018658820379680675,0.04729407164864517,0.36692344279807687,0.0238826416950935,0.0012933064452409647,0.005129747615666311,0.03316423924109485,0.43176463367153695,2.40658247423,0.0236424396746,85.64,2.90351511103
Hard Go By Majority: 5,False,5,2.18540637465,0.864331278486,0.0174804387849,0.273969854278,200.0,0.0,0.810418367347,0.375734693878,0.634224489796,0.400989795918,0.59593877551,0.440857142857,0.560132653061,0.503826530612,0.608081632653,0.524535306122449,1.0,0.40783472032547613,0.675194817253916,0.0,1.0,0.86222101644625,NA,NA,1.0,0.492069701623731,0.9796823641905217,0.0,1.0,0.015126771113088102,0.5615669397629008,0.0,NA,NA,0.19703579444551175,0.0,0.44716988001230645,0.9999988996794267,0.4814855280756719,0.730298645388122,0.6747781571385184,0.22628091276456055,0.0,0.0,0.10334715864651096,0.07445932984670017,0.9999960806490714,0.12494981952472575,0.11087058708813985,0.20527493976395517,0.14487831395696354,0.25467901602321663,0.0,0.0,0.322167345504842,0.3816246650175222,2.11455154639,0.0118067356314,86.02,1.37098504733
Hard Go By Majority: 40,False,40,2.21742808377,0.857667843806,0.0492357701749,0.574479312446,200.0,0.0,0.810040816327,0.375489795918,0.633795918367,0.399928571429,0.59512244898,0.406989795918,0.600897959184,0.452469387755,0.618520408163,0.4780986224489796,1.0,0.6357138856391392,0.42128987373919113,0.0,1.0,0.9803136135371556,NA,NA,1.0,0.6903703358860361,0.9341370202769977,0.0,1.0,0.0037334507338011975,0.4604649411607214,0.0,NA,NA,0.011642112698389818,0.0,0.41306609578504766,0.9999986708593497,0.4881336613724299,0.7836464242904839,0.40713982654935454,0.05342657029771991,0.0,0.0,0.02432349549145274,0.017712224283652857,0.017599606957549897,0.013177826738010668,0.01579698117209562,0.03421580900545555,0.024528818165422704,0.05195891169419811,0.0,0.0,0.059158727555152474,0.999999914067058,2.02135,0.0148586096647,96.86,2.19554093562
Hard Go By Majority: 20,False,20,2.18829759896,0.864693908358,0.0906633553237,0.53335377681,200.0,0.0,0.810295918367,0.37543877551,0.634428571429,0.401010204082,0.596693877551,0.408704081633,0.60187755102,0.454234693878,0.619183673469,0.4514572448979592,1.0,0.6396974700931916,0.35064729339387346,0.0,1.0,0.915898269181186,NA,NA,1.0,0.7039064021992453,0.8651819135773465,0.0,1.0,0.008403361344537815,0.4100783952113146,0.0,NA,NA,0.0054433332421265765,0.0,0.39604158547841245,0.46614020550553564,0.9999986540053591,0.8032276957457309,0.999999882747837,0.05595112680474674,0.0,0.0,0.039661778367606454,0.0279631615642844,0.024145616902916833,0.016888243827907552,0.018548199864278764,0.029578289892281028,0.03884085704181453,0.055713725170154396,0.0,0.0,0.07564463534104714,0.4548895588538446,1.99996340206,0.0174652111508,102.92,1.90620040919
Hard Go By Majority: 10,False,10,2.14726258055,0.875129130225,0.128334036514,0.519601155027,200.0,0.0,0.809918367347,0.375357142857,0.634010204082,0.400908163265,0.596234693878,0.408183673469,0.602112244898,0.4535,0.61956122449,0.4296281632653061,1.0,0.6279991858948749,0.3154163797918913,0.0,1.0,0.9224904404681982,NA,NA,1.0,0.5145496468390637,0.6667670765214375,0.0,1.0,0.015996557823779702,0.46843037066253074,0.0,NA,NA,0.0085019203567887,0.0,0.3819632858168393,0.42986175612100874,0.9999986744846818,0.8207666210317011,0.3554242424242424,0.04469212111126986,0.0,0.0,0.029995886365257834,0.017564390472748437,0.018376400839799672,0.011587990199945863,0.01613435285356705,0.017240925422795057,0.03312756890642299,0.047083457578882104,0.0,0.0,0.06055606937989284,0.9999999295053373,1.97794948454,0.0153532527868,107.62,2.01385203031
Hard Go By Majority,False,inf,2.23278114452,0.85681238772,0.024412204664,0.677513110516,200.0,0.0,0.809785714286,0.375173469388,0.634285714286,0.400428571429,0.59556122449,0.407734693878,0.602091836735,0.45337755102,0.6195,0.5246313265306123,1.0,0.5045326008087592,0.6427684737741097,0.0,1.0,1.0,NA,NA,1.0,0.7000563813050426,1.0,0.0,1.0,0.0,0.5460008607726763,0.0,NA,NA,0.0,0.0,0.4267236180904523,0.5504454771192396,0.9999989279176751,0.6905028485906598,0.6234435916757798,0.18602712082269893,0.0,0.0,0.1195227522831654,0.10045162548890853,0.9999969296595294,0.08908034442991251,0.057406851068010016,0.29450846565805266,0.11746976366348906,0.18622124011805244,0.0,0.0,0.3651018272980524,0.37150206143063286,2.08714175258,0.0140952934344,85.82,1.65154473146
Grumpy,False,inf,2.59942198527,0.568979091155,-0.448892490028,0.739882726967,169.54570408163266,1.0,1.0,1.0,1.0,1.0,1.0,1.0,1.0,1.0,1.0,0.9067475510204082,1.0,0.981810369345289,0.03228497295503669,0.0,1.0,1.0,NA,NA,1.0,0.9636328726929003,0.0,0.0,1.0,1.0,0.039548362815205115,0.0,NA,NA,0.0,0.0,0.8234202645882474,0.9999991081535394,0.28608336898834213,0.33925050648300675,0.9999999842035409,0.04730229181713776,0.0,0.0,0.04208938583897611,0.04620386686463915,0.00013037870365344392,0.00170791435011861,0.0013147199668229268,4.548753400693943e-07,0.03335675714925095,0.0063476035934538775,0.0,0.0,0.007614579802258327,0.0538034941249227,2.69161958763,0.0123459627514,9.3,1.2124355653
Grudger,False,inf,2.23111863302,0.846155268097,0.37105036054,0.718064125659,112.97688775510204,1.0,0.809928571429,0.732653061224,0.700520408163,0.671112244898,0.653530612245,0.636959183673,0.631255102041,0.626775510204,0.622295918367,0.5648844387755102,1.0,0.0,0.0,0.0,1.0,0.0,NA,NA,NA,NA,0.0,0.0,NA,NA,0.0,0.0,NA,NA,0.0,0.0,0.5626979284175982,0.9999527331424928,0.9858014678740632,0.6209628395207579,0.9999999522198616,0.0018638950917761756,0.0,0.0,0.0,0.0,0.0017819723080248228,0.0012175023757466754,0.0,0.0,0.18100588463743136,0.04640786128022126,0.0,0.0,0.04357717210175224,0.24467985982271698,2.77141134021,0.0179797520474,56.5,0.953939201417
Grofman,True,inf,2.71275979592,0.681644015325,-0.24446505102,0.778104936134,130.8373469387755,1.0,1.0,0.855428571429,0.852193877551,0.866091836735,0.883163265306,0.858571428571,0.942765306122,0.905346938776,0.915510204082,0.9107905612244898,1.0,0.28746435543986276,0.3068308994777732,0.9680995588279429,1.0,0.27380082682310425,NA,NA,1.0,0.2796661546531973,0.30700581213674144,0.9787035550918867,1.0,0.2680563786750496,0.28624097730259845,1.0,1.0,0.285689078399748,0.914114332454785,0.28637778309791717,0.8241790072813044,0.9999991599747255,0.30418868227881246,0.2915282245995266,0.7947087451704555,0.16875712811364024,0.0,0.0,0.04143285835195104,0.08346214985495216,0.9999932144912114,0.4784728527550177,0.050909910215554285,0.028142325108556993,0.16439777682089612,0.3117789213448685,0.32276234001387333,0.255832434932155,0.012657804572467337,0.001076324469181612,2.70917319588,0.0183002278063,20.6,1.77763888346
GTFT: 0.33,True,1,2.72545591837,0.568965352408,-0.220653061224,0.434511815016,119.6745,1.0,0.874265306122,0.903357142857,0.881418367347,0.911969387755,0.898193877551,0.907683673469,0.916785714286,0.918846938776,0.90843877551,0.9135723979591837,1.0,0.3336029583281878,1.0,0.3337568108272562,1.0,0.3341146385080726,NA,NA,1.0,0.3336638301194473,1.0,0.33399311615752886,1.0,0.3321296379886251,NA,NA,1.0,0.3332017743005833,1.0,0.3335449180327869,0.8388783714490822,0.7084141721727819,0.999996845569602,0.34519501673778463,0.8286256583141165,0.24599367522780122,0.0,0.0,0.07047250308619474,0.08539603957452785,0.999994359007904,0.4321986894714178,0.18100323230455892,0.13075379241127263,0.0,0.0,0.1399534274235482,0.19439980123313316,0.2179103836140235,0.029472016079158937,2.72410463918,0.0259286811518,0.0,0.0
Forgiving Tit For Tat,False,inf,2.39989375575,0.763732342994,-0.0631309450752,0.0997051154136,118.30740816326531,1.0,0.809775510204,0.854530612245,0.806479591837,0.891846938776,0.827826530612,0.873734693878,0.830295918367,0.888428571429,0.805183673469,0.8091457142857142,1.0,0.047913290513248996,1.0,0.0,1.0,0.09922499933266303,NA,NA,1.0,0.6560010621348912,1.0,0.0,1.0,0.0,NA,NA,NA,NA,1.0,0.0,0.7443992923802687,0.5170537077776616,0.9999985042263313,0.5084717053586753,0.7530579737574913,0.12339564897282675,0.0,0.0,0.002754833145326602,0.0003881673881673882,0.04661884833784708,0.10449225959174191,0.12515500004120814,0.1943496318884816,0.0,0.0,0.0,0.0,0.11074675665409604,0.9999993479579846,2.66187680412,0.0190038244734,0.0,0.0
Forgiver,False,inf,2.41299804388,0.816991043135,0.194305193311,0.668279222389,118.27155102040817,1.0,0.810397959184,0.733816326531,0.701744897959,0.671663265306,0.65337755102,0.636265306122,0.630846938776,0.626102040816,0.621591836735,0.6573175,1.0,0.378511673683635,0.03847236530326212,0.0,1.0,0.4317642418286234,NA,NA,1.0,0.32938506277040924,0.06690116319565369,0.0,1.0,0.0,0.05132939387512666,0.0,NA,NA,0.0,0.0,0.6480512255153318,0.9999877329269532,0.917160278998796,0.6783410068469259,0.9999999668010676,0.009859324029673641,0.0,0.0,0.0034607876592832746,0.000726602762317048,0.003771074918899655,0.0037629794095890567,0.005143878606512195,4.156493704128344e-05,0.09691255375957421,0.03806847349968391,0.0,0.0,0.03901882522165898,0.21185415025306556,2.7024814433,0.0172506344333,48.76,1.99559514932
Forgetful Grudger,False,10,2.45069423136,0.928725373737,0.420283254066,0.727646661594,112.961,1.0,0.81043877551,0.733173469388,0.700755102041,0.671173469388,0.653040816327,0.636479591837,0.630826530612,0.625857142857,0.621642857143,0.6464495918367347,1.0,0.0,0.0996521668847085,0.0,1.0,0.0,NA,NA,NA,NA,0.0,0.0,1.0,0.0,0.11955688118147297,0.0,NA,NA,0.06791477609828915,0.0,0.6337990462516665,0.999991196071563,0.8950851099136337,0.6670990471521585,0.8084068719280488,0.04885646639016336,0.0,0.0,0.0,0.0,0.9999803123499923,0.004973046794475366,0.04443299526230915,0.034385989493732484,0.5949571914888727,0.7281728361598429,0.0,0.0,0.4623469330031266,0.2209834694264214,2.68691443299,0.0171018965485,56.9,1.07238052948
Forgetful Fool Me Once,True,inf,2.86931908163,0.668861707911,0.31506505102,0.891885586892,133.47373469387756,1.0,1.0,0.938918367347,0.886397959184,0.845846938776,0.823244897959,0.801775510204,0.802918367347,0.794306122449,0.794969387755,0.7951848979591837,1.0,0.5781174660758157,0.050078209793781525,0.05014057165359323,1.0,0.641815842613341,NA,NA,1.0,0.13854033128935087,0.05110494067971636,0.051187016418192115,1.0,1.0,0.04999316641257803,0.050189686918961786,1.0,1.0,0.05014572836466226,0.0500532295305826,0.7683993949338529,0.9999961067669522,0.770460358204809,0.4958919158356428,0.9999999815625248,0.013626818713067512,0.0,0.0,0.008053798941767044,0.008160740053597196,0.005034009597227776,0.007828888303470718,0.004110728201062716,0.0010103546575945493,0.07932390954270964,0.022179697578034858,0.0012155103636124168,0.005567511541181582,0.022299176253840904,0.09219699472060434,2.87387474227,0.0195458032218,42.44,1.6632498309
Fool Me Once,False,inf,2.30447740871,0.812273519895,0.348805231666,0.70271400193,131.97463265306124,1.0,1.0,0.931795918367,0.8725,0.824040816327,0.796714285714,0.770836734694,0.765612244898,0.750908163265,0.746908163265,0.6598731632653061,1.0,0.5645163272579793,0.0,0.0,1.0,0.609367681498829,NA,NA,1.0,0.0,0.0,0.0,NA,NA,0.0,0.0,NA,NA,0.0,0.0,0.6558086862885858,0.9999732360695014,0.9731327387882648,0.5488175931926561,0.9999999687656503,0.0027698287734385717,0.0,0.0,0.0016028566708890365,0.0009235209235209235,0.001000732193725171,0.0011906143851926497,0.0,0.0,0.15028052854385618,0.03848900177356607,0.0,0.0,0.03707979393970822,0.1628452477163825,2.91048247423,0.0132327439235,46.22,0.794732659452
Fool Me Forever,False,inf,2.34289774471,1.08785237412,-1.0010154572,1.94477008559,200.0,0.0,0.18987755102,0.624224489796,0.73306122449,0.751387755102,0.786448979592,0.799632653061,0.801816326531,0.803642857143,0.805153061224,0.8662364285714286,1.0,1.0,0.0,1.0,1.0,1.0,NA,NA,1.0,1.0,NA,NA,NA,NA,0.0,1.0,1.0,1.0,NA,NA,0.6332219772331042,0.6428553253537141,0.9999994895901785,0.01207830837285686,0.6023601834673263,0.1863457365611937,0.0,0.0,0.08339947893478807,0.548423806696381,0.0,0.0,0.0,0.0,0.992929718497734,0.02679787284428851,0.99985828218011,0.026549730806390927,0.0,0.0,2.54909896907,0.0260002631264,45.4,2.83548937575
Feld,True,200,2.22568438776,0.93710802934,0.506197704082,0.517011835163,15.776367346938775,1.0,0.807979591837,0.850489795918,0.798612244898,0.879887755102,0.812755102041,0.852948979592,0.806224489796,0.854173469388,0.768969387755,0.38296035714285714,0.8140574291136702,0.0,0.7190615154388404,0.0,0.8386119811991285,0.0,0.7068505370671591,0.0,NA,NA,0.8131830940756827,0.0,0.7219924549200666,0.0,0.6390855794426441,0.0,NA,NA,0.7189824031928482,0.0,0.32900333299148804,0.2605975027032692,0.999999580194559,0.6859671973864835,0.45426028864681056,0.07081122056522504,0.18631821061334572,0.12202998543980687,0.0,0.0,0.9999959548089313,0.03546364550951756,0.3292880258064381,0.24048200025081135,0.3065739573615907,0.09605598466744553,0.0,0.0,0.4576353498795034,0.4262607194392909,2.23390773196,0.0197030965796,140.28,2.5926048677
EvolvedLookerUp,False,inf,2.82881424517,0.850500063123,0.458768985885,1.54619714724,113.2254387755102,1.0,1.0,0.734632653061,0.823663265306,0.757071428571,0.777887755102,0.731510204082,0.771326530612,0.698081632653,0.757346938776,0.681651887755102,0.9417319032412024,0.5766994359308611,0.1783211559341523,0.14709241440372314,0.9998221292296305,0.0,0.848118796097822,0.7739983576090245,0.21276918887213006,0.8763521227886393,0.7653322922610288,0.757810092340003,0.007082524371956268,0.9935920874380187,0.0,0.021373681484226314,0.043041826759931255,0.0,0.0,0.10761514034850811,0.6398931391652138,0.9999978209350038,0.8324810179026516,0.30620871721026854,0.70675923211489,0.022658603339181845,0.040199507954040606,0.0012217781611891425,0.019680890538033395,0.004466328445132626,0.99998213528397,0.040195741844733866,0.07223933872125118,0.0226622724230284,0.7067021712783844,0.7558492116347616,0.11813441424544428,0.05344866478772262,0.3342646131385712,0.07595626428956526,3.07100824742,0.0189861158864,56.38,0.924986486388
Eventual Cycle Hunter,False,inf,2.6565871433,0.709286753331,-0.235945650506,1.12190151551,121.97279591836735,1.0,1.0,1.0,1.0,1.0,1.0,1.0,1.0,1.0,1.0,0.8037371428571428,0.9904792371984916,0.9550025497565922,0.03673116216514892,0.06178398316687598,0.9904274008575841,0.9536943000345852,0.017738147366744953,0.05770976527039295,0.9883597016148865,0.9508817456665395,0.7091561938958707,0.050551610771238285,1.0,1.0,0.029881297134506775,0.013906914779320125,1.0,1.0,0.05550223136979388,0.07538722943959783,0.7193686801353707,0.43708141563160346,0.999999310511706,0.3097512196840478,0.7452671821366453,0.12071895567744631,0.8411069719376544,0.999418914083159,0.08747879752446346,0.2792312569121245,0.002918095738053235,0.003255754097255834,0.025460657073365624,0.004035541332279578,0.7883473950848597,0.1403430897222206,0.6748758586662934,0.03438983924563489,0.6699906537873735,0.06593867243867244,2.79127938144,0.0184664621189,30.0,0.0
Eatherley,True,inf,2.72479688776,0.530308704686,-0.233001530612,0.429325831258,120.8745,1.0,0.810091836735,0.893448979592,0.869520408163,0.917826530612,0.902571428571,0.926581632653,0.916693877551,0.926214285714,0.917234693878,0.9229947959183673,1.0,0.5682224173786636,1.0,0.15510922770481678,1.0,0.6262423288622453,NA,NA,1.0,0.5521257551227097,1.0,0.39922410073882325,1.0,0.4916000218891938,NA,NA,1.0,0.3757925795718501,1.0,0.06903530737225158,0.8579464670290227,0.7771696095931259,0.9999943747179239,0.4108273993303624,0.8567358223279823,0.38386244302647826,0.0,0.0,0.16379410478835885,0.12610055106673365,0.9999882613359539,0.400753714382599,0.19505590011582233,0.13271934754114126,0.0,0.0,0.24323780818174467,0.11433679337699788,0.2592680321007468,0.0433642032570604,2.72353556701,0.0204740867706,0.0,0.0
DoubleCrosser,False,inf,2.49782928045,0.739926457091,0.151513117521,0.596127247756,139.4843163265306,1.0,1.0,1.0,1.0,0.954428571429,0.900051020408,0.865153061224,0.850591836735,0.815744897959,0.811540816327,0.7118647959183674,0.9950475739350697,0.7660654026364982,0.009683999665671024,0.0,0.9950023569670199,0.9181237880439758,0.0,0.0,0.9970990071519527,0.43649494009401174,0.4664048865619546,0.0,0.9959075589792971,0.9937970004673493,0.0,0.0,NA,NA,0.043754786644262314,0.0,0.7027691518818583,0.07955498274567266,0.9999995641177425,0.4640638529699568,0.7872457644921772,0.03492710683764687,0.7608085964434956,0.11070541375858452,0.02859142024513161,0.024079566850666125,0.9998141483317108,0.3140980803999808,0.0012511803245642385,0.00663267820705039,0.948984555677914,0.14406411588129406,0.0,0.0,0.13191397485807232,0.11510719439290867,2.97938608247,0.0159313996862,158.22,2.03754754546
Defector Hunter,False,inf,2.53346367751,0.694544431926,-0.728000345198,1.11475005993,191.086,1.0,1.0,1.0,1.0,0.954520408163,0.954836734694,0.975418367347,0.975479591837,0.985724489796,0.985744897959,0.9856450510204081,1.0,0.9987263374385638,1.0,0.0,1.0,1.0,NA,NA,1.0,0.9984267249899751,1.0,0.0,1.0,1.0,NA,NA,NA,NA,1.0,0.0,0.8062085939903599,0.9991252109380454,0.9993870553511283,0.07326713295815326,0.7728515769944342,0.6959886078214275,0.0,0.0,0.14606966148147962,0.7526998788469821,8.236486163030847e-06,0.01581084833641498,0.01070806202707828,8.767795492205962e-06,0.0,0.0,0.0,0.0,0.011005109333972665,0.9999911729944183,2.42794072165,0.0113916624874,0.0,0.0
Defector,False,0,1.67618978214,0.867807445632,0.845237227677,1.08475930704,200.0,0.0,0.0,0.0,0.0,0.0,0.0,0.0,0.0,0.0,0.0,0.0,NA,NA,0.0,0.0,NA,NA,NA,NA,NA,NA,NA,NA,NA,NA,0.0,0.0,NA,NA,0.0,0.0,0.0,0.0,0.999999842979111,0.7538292995590196,0.0,0.0,0.0,0.0,0.0,0.0,0.0,0.0,0.0,0.0,0.20401576798908144,0.05292439703153989,0.0,0.0,0.06646357795418664,0.9999999763171816,1.9932371134,0.0210336161613,174.18,1.32951118837
Davis,False,inf,2.2373663317,0.835626639777,0.349516722921,0.692308255288,115.91908163265306,1.0,1.0,1.0,1.0,1.0,1.0,1.0,1.0,1.0,1.0,0.5795954081632653,0.9983306839106917,0.853142116890726,0.0,0.0,0.9985972395200569,0.7560548219538143,0.0,0.0,0.9201051315420143,0.8692596651802521,0.0,0.0,NA,NA,0.0,0.0,NA,NA,0.0,0.0,0.570296379858476,0.9999885975672004,0.9434288041546763,0.6075733947054315,0.5705784128238964,0.005806752005621361,0.0021403981449418983,0.00010268386330250947,0.0076651846534303006,0.0061599154813440525,0.0009747750980975284,0.0021036978063286643,0.0,0.0,0.31431864394802717,0.10093077475011872,0.0,0.0,0.08952088403689437,0.9999997587768304,2.76432216495,0.0186377274193,58.84,1.23870900538
Cycler CCD,False,2,2.32105994937,0.990430696327,-0.408499539736,1.48357534684,2.0,1.0,1.0,0.0,1.0,1.0,0.0,1.0,1.0,0.0,1.0,0.67,0.44456165265276515,0.5655330916361095,1.0,1.0,0.0,0.0,1.0,1.0,0.0,0.0,1.0,1.0,1.0,1.0,NA,NA,1.0,1.0,NA,NA,0.34128663726797254,0.631197401464452,0.999999681792905,0.21339049308269137,0.15294582947191102,0.024216566547059233,0.7121533744993551,0.4801293290688564,0.07686443321537499,0.12626721294578439,0.999992585481874,0.3369386166189473,0.176456859376508,0.13555270241943623,0.0,0.0,0.44261799890413084,0.23285683542671914,0.0,0.0,2.11602371134,0.0166087625906,75.72,1.64972725018
Cycler CCCD,False,3,2.30397054311,0.968879200461,-0.62102255293,1.48710890206,3.0,1.0,1.0,1.0,0.0,1.0,1.0,1.0,0.0,1.0,1.0,0.75,0.6374643765411483,0.7004984446090672,1.0,1.0,0.4404925787691091,0.6150220485045409,1.0,1.0,0.7032945279085052,0.5027657723522095,1.0,1.0,1.0,1.0,NA,NA,1.0,1.0,NA,NA,0.4045644036509076,0.705932658435185,0.9999995488985163,0.16922835207467266,0.23543841475984334,0.04725254688516804,0.7737769106150696,0.9999892957142685,0.0691216555072876,0.27737598414559944,0.02232627604663891,0.34072349506416066,0.18864100165083075,0.14363903966623956,0.0,0.0,0.626301028032549,0.23256916530554395,0.0,0.0,2.04326134021,0.0177827743089,77.7,1.68226038413
Cycler CCCCCD,False,5,2.2807431344,0.947831975011,-0.848954817429,1.49500081417,5.0,1.0,1.0,1.0,1.0,1.0,0.0,1.0,1.0,1.0,1.0,0.835,0.7810442992236818,0.8275973665126732,1.0,1.0,0.7229361564339577,0.8255617118430691,1.0,1.0,0.8138478791733218,0.7648044072538862,1.0,1.0,1.0,1.0,NA,NA,1.0,1.0,NA,NA,0.4729203671418316,0.7810461464311789,0.999999303057971,0.12248310500856202,0.45006899403831446,0.09241729880653389,0.22440472624295366,0.05936880955933357,0.7576930179036392,0.24464455782312924,0.02658790864030252,0.4354381706642883,0.21503540639659485,0.18161583642151005,0.0,0.0,0.9999909951383037,0.27856621420000083,0.0,0.0,1.98315979381,0.0154655935518,70.0,1.46969384567
Cycle Hunter,False,inf,2.52568790273,0.732827788423,-0.786750153421,1.22320118978,186.8633673469388,1.0,1.0,1.0,1.0,1.0,1.0,0.98843877551,0.989367346939,0.967418367347,0.978612244898,0.9606107142857143,0.9996179818915554,0.9996624475291052,0.002298636938640428,0.007389070488991157,0.9996082459645168,0.9969934550397179,0.073433512900482,0.4814143245693563,0.999891068347185,0.9999887915300318,0.09605488850771869,0.6086956521739131,1.0,1.0,0.0019068594166136007,0.0006097048187704987,1.0,1.0,0.0012545156269011786,0.80248833592535,0.7695181007076197,0.8760560182182698,0.9999967774849572,0.05356364067158717,0.7577278033690042,0.30366286228394973,0.0007596133347944226,0.9984372534875187,0.9945622083500377,0.7116749685475807,0.00025131342675324973,0.00022586361544136923,0.0009470929539367176,0.00035469043102229577,0.4110072297016137,0.2558905317088201,0.0027060645067124587,0.0007279109761200452,0.012283389930906953,3.313749742321171e-05,2.4499628866,0.0182364884824,8.3,0.911043357914
Cooperator Hunter,False,inf,2.45950042191,0.936450183772,-0.818001112304,1.69625353157,68.38,1.0,1.0,1.0,1.0,0.328469387755,0.346306122449,0.683816326531,0.750734693878,0.771091836735,0.797306122449,0.9296551530612245,0.9947035492577967,1.0,0.0,1.0,0.9943378273655961,1.0,0.0,1.0,1.0,1.0,NA,NA,NA,NA,0.0,1.0,1.0,1.0,NA,NA,0.6371296277304892,0.9999998539922177,0.18712336986624548,0.008508204614520893,0.5990411319235538,0.24392261382828134,0.008234713528216264,9.008451865594722e-05,0.9114097399660385,0.6434494570422881,0.0,0.0,0.0,0.0,0.6150645290718245,0.8442892095425995,0.9996393112176246,0.02376572085293086,0.0,0.0,2.24761701031,0.0290014694427,35.92,2.43178946457
Cooperator,False,0,2.51345332157,0.743820925415,-0.810911130715,1.23970154236,200.0,1.0,1.0,1.0,1.0,1.0,1.0,1.0,1.0,1.0,1.0,1.0,1.0,1.0,NA,NA,1.0,1.0,NA,NA,1.0,1.0,NA,NA,NA,NA,NA,NA,NA,NA,NA,NA,0.795765306122449,0.9999998002088516,0.0,0.0,0.7625106679035251,0.5007445496346407,0.0,0.0,0.9999969197286783,0.7201283549705271,0.0,0.0,0.0,0.0,0.0,0.0,0.0,0.0,0.0,0.0,2.38129948454,0.0161632821421,0.0,0.0
Champion,True,inf,2.6834069898,0.577813556825,-0.273434693878,0.478026967816,140.25266326530613,1.0,1.0,1.0,1.0,1.0,1.0,1.0,1.0,1.0,1.0,0.9160592857142857,1.0,0.6696155384553284,1.0,0.10617354311203654,1.0,0.7047790366895718,NA,NA,1.0,0.7438730640563498,1.0,0.309296832549079,1.0,0.37328311918475854,NA,NA,1.0,0.2729237537406962,1.0,0.054648169939849695,0.8461950056404471,0.8195926566995113,0.9999929597621396,0.4457494229244707,0.8377148050157991,0.31275699330220613,0.0,0.0,0.16147798338357425,0.021459441352298495,0.06975736983207016,0.014247876795717823,0.11674226716244879,0.07532641721286505,0.0,0.0,0.05573107166545763,0.058797582468744634,0.09766710186304695,0.9999982919040423,2.68076804124,0.0153034379154,0.0,0.0
Cautious QLearner,True,inf,2.28212428571,0.8750372614,-0.782505867347,1.16478227578,29.081214285714285,0.949071428571,0.949714285714,0.95093877551,0.949418367347,0.949193877551,0.950785714286,0.948897959184,0.950010204082,0.95037755102,0.948693877551,0.8573944897959184,0.950103701992863,0.9267908822507355,0.9500938462202027,0.1103449012725753,0.9501155554598011,0.9501679533586599,0.950088033262521,0.9493825874016568,0.9497249048386829,0.9483758439493413,0.9508451684197602,0.37370810906594015,0.9503916963817062,0.9502077721778983,0.949599887687772,0.949424485524939,0.9517557761281175,0.4472387538250247,0.9493789133508382,0.0516175762401474,0.6642615116398318,0.8398737262745832,0.9999974696910614,0.31447577683847466,0.66159832159749,0.27709316038646786,0.1027364379156972,0.9999149931260851,0.9591962485830137,0.4921649679912836,0.009249929860423908,0.012808100615171564,0.21119001236184246,0.18052319805330963,0.02012667711064459,0.01332174571944906,0.059900180034425314,0.13365730390589398,0.03807157564360491,0.09171340960626675,2.27668402062,0.028387644904,62.26,3.73796736208
Calculator,True,inf,2.11662647959,1.15775341552,0.635928571429,1.38364032666,6.187224489795918,1.0,0.73056122449,0.76862244898,0.700612244898,0.747571428571,0.676071428571,0.69093877551,0.64256122449,0.658714285714,0.588540816327,0.27876545918367346,0.9715274851240973,0.0,0.2984870882474604,0.0,0.9737185330728012,0.0,0.6904973208305425,0.0,NA,NA,0.9702835672174708,0.0,0.9639078560493767,0.0,0.005565132927003036,0.0,NA,NA,0.49065754589791616,0.0,0.22862890985539944,0.22096462924347907,0.9999996668857893,0.7043967501337002,0.20448242630385488,0.02444187465949801,0.00773764400901618,0.0007685155112839716,0.0,0.0,0.039329728919865616,0.029922218337156473,0.02987576439339701,0.040406264907257586,0.15893965493331313,0.03264548411494629,0.0,0.0,0.07334962721681118,0.9999999342712153,2.12523453608,0.0506665971745,126.72,5.55352140538
Bully,False,1,2.33951480515,1.40296547588,-0.00812845197913,2.83151759111,200.0,0.0,0.189530612245,0.55862244898,0.595663265306,0.435132653061,0.418040816327,0.463020408163,0.494928571429,0.550030612245,0.545357142857,0.5066041836734694,0.0,1.0,0.0,1.0,NA,NA,0.0,1.0,0.0,1.0,NA,NA,NA,NA,0.0,1.0,0.0,1.0,NA,NA,0.1218379140600964,0.5103964734459241,0.9999998924516246,0.1417348912021071,0.0,0.0,0.15183475181778816,0.29059837350551243,0.14146005130844827,0.3005312306740878,0.0,0.0,0.0,0.0,0.8275175624226702,0.2560073375252211,0.9999971416857963,0.16903254061552078,0.0,0.0,2.33470309278,0.0284816341135,97.32,1.94360489812
BackStabber,False,inf,2.38115794722,0.780594536427,0.320933376803,0.662614606252,136.16385714285715,1.0,1.0,1.0,1.0,0.954520408163,0.900316326531,0.865571428571,0.85106122449,0.816132653061,0.812051020408,0.6808192857142857,0.9951760657926059,0.7695059019319684,0.0,0.0,0.9951252230724329,0.7972934607741081,0.0,0.0,1.0,0.6571114733186876,0.0,0.0,NA,NA,0.0,0.0,NA,NA,0.0,0.0,0.6765992718695518,0.04824774259558193,0.9999995798305977,0.5102838997644484,0.6729240362811791,0.011897549356080875,0.0222114829031634,0.0007376725283791929,0.009174543687646206,0.008997057488471185,0.002345446209728056,0.003190360086312733,0.0,0.0,0.42164929436437476,0.0791695112226751,0.0,0.0,0.14890499473416755,0.9999994906958619,2.94287268041,0.0149326522511,161.32,1.74859943955
Average Copier,True,inf,2.41945178571,1.26153985827,0.812750255102,1.59929233828,156.32680612244897,0.501285714286,0.809887755102,0.554540816327,0.511387755102,0.483969387755,0.473387755102,0.458520408163,0.454632653061,0.450897959184,0.442367346939,0.3832413775510204,1.0,0.0,0.012273078872676146,0.0,1.0,0.0,NA,NA,NA,NA,0.0,0.0,1.0,0.0,0.0,0.0,NA,NA,0.0,0.0,0.3806182955594298,0.9999614426826322,0.9834531509567193,0.7284762927430513,0.3795442692228406,0.001976546287947902,0.0,0.0,0.0,0.0,0.0024131111527960665,0.0019475956505561993,0.0015343410175365719,0.0017632220126313739,0.2081521967457875,0.07843894860881928,0.0,0.0,0.07148712861319739,0.999999907508287,2.43266546392,0.0685506966966,97.2,7.12741187248
Arrogant QLearner,True,inf,2.28144188776,0.875930584328,-0.784155612245,1.16765299167,28.889561224489796,0.950683673469,0.949724489796,0.949428571429,0.949724489796,0.950030612245,0.950295918367,0.95112244898,0.950173469388,0.950265306122,0.949989795918,0.8575385714285715,0.9500698384145487,0.9268034611965801,0.9499876213869054,0.11061603388663077,0.9500475527767163,0.9497703021811459,0.9497706171671634,0.9485736414095779,0.9503461041804064,0.9484174431283144,0.9506070079987007,0.3751860910250957,0.950257306749477,0.9504415375032061,0.9512581547064306,0.9482578032260317,0.9491364680043926,0.4474776125694808,0.951726745651626,0.05154101114833918,0.6640656855707107,0.8400694854694015,0.999997471527955,0.31379531333411487,0.6541982025693237,0.2838735154688805,0.8032615904840977,0.440186955138556,0.14833619461255415,0.49859726503246354,0.9999159299650873,0.23066468771188356,0.21867281653571186,0.1877989649459333,0.021461733248076417,0.014119929020352289,0.405825062430045,0.14068793766010385,0.0022504148287763896,0.09153468357039786,2.27604072165,0.0290940344144,62.4,3.24961536185
Appeaser,False,inf,2.6545677355,0.87870217383,0.155387005216,1.263809833,112.93207142857143,1.0,0.809928571429,0.801255102041,0.858408163265,0.833612244898,0.819285714286,0.824581632653,0.833234693878,0.789244897959,0.807459183673,0.7708266326530612,1.0,0.0,0.0,1.0,1.0,0.0,NA,NA,NA,NA,0.0,1.0,NA,NA,0.0,1.0,1.0,0.0,NA,NA,0.6622286944928725,0.4717067725598012,0.9999993880965671,0.3181037010692531,0.6427641723356009,0.05478039552028944,0.0,0.0,0.0,0.0,0.9999972479562506,0.5108078575831007,0.0,0.0,0.38212254441513066,0.17252288194830526,0.30056120563071687,0.2625820509797606,0.0,0.0,2.69970927835,0.0206328191908,24.98,1.07684725008
AntiCycler,False,inf,2.32231934643,0.877562608715,-0.944854633323,1.42034844979,1.0,1.0,0.0,1.0,1.0,0.0,1.0,1.0,1.0,0.0,1.0,0.91,0.892009055673959,0.9173579583898502,1.0,1.0,0.890792432929568,0.9006736063366156,1.0,1.0,0.8841379051123763,0.9065260654920757,1.0,1.0,1.0,1.0,NA,NA,1.0,1.0,NA,NA,0.6029996410624552,0.8254583595897598,0.9999988189038838,0.06456736325104166,0.5678176263001868,0.23719745754202914,0.06056003916718202,0.9999601120505631,0.06129862061770581,0.5937921412002665,0.012033750662497641,0.6122525414770571,0.30257455552104295,0.3667743112890375,0.0,0.0,0.6303137355377173,0.3382699090950723,0.0,0.0,2.15035824742,0.0159358975607,69.92,1.93742096613
Anti Tit For Tat,False,1,2.4242323182,1.31740905631,0.173997008285,2.64106943798,10.134867346938776,1.0,0.190285714286,0.144285714286,0.462836734694,0.583836734694,0.484826530612,0.520642857143,0.496867346939,0.517897959184,0.475102040816,0.5341927040816327,0.0,1.0,0.0,1.0,NA,NA,0.0,1.0,0.0,1.0,NA,NA,NA,NA,0.0,1.0,0.0,1.0,NA,NA,0.1284903599630807,0.9999999079778441,0.4555490800996413,0.14447233654646874,0.0,0.0,0.12119080700943567,0.10509169156995135,0.08520011337868481,0.39918321453792366,0.0,0.0,0.0,0.0,0.5807667920008315,0.7323865161394123,0.9999971521302321,0.17828534743993338,0.0,0.0,2.20903969072,0.0303646818608,80.18,2.06097064511
Alternator Hunter,False,inf,2.51969986959,0.735197860133,-0.800357663394,1.22541273613,197.92736734693878,1.0,1.0,1.0,1.0,1.0,1.0,0.989316326531,0.989571428571,0.989642857143,0.989714285714,0.9900969897959183,0.9999988984469138,0.9997342720667054,0.00017518007481219665,0.00031231781460814526,1.0,0.9981301081632579,1.0,0.0,0.9999689705713248,1.0,0.0,1.0,1.0,1.0,1.0,0.0,1.0,1.0,0.0,1.0,0.7913422213106348,0.9755753326943601,0.9999815495205127,0.023605362892979556,0.7630092138838303,0.7404083865297211,0.00010303549093662576,3.607506396237536e-07,0.11913869396967047,0.8163380968431186,0.9961327289718264,0.00015452935363925588,3.624568464075894e-05,5.178142633032924e-05,7.210849840804874e-05,0.4972644498040326,0.01450780794318368,7.767616165710889e-05,0.9893559897614225,7.730364873222017e-07,2.39748608247,0.0159102726634,2.0,0.0
Alternator,False,1,2.34933434336,1.01890042055,0.0464550092053,1.4495661791,1.0,1.0,0.0,1.0,0.0,1.0,0.0,1.0,0.0,1.0,0.0,0.5,0.0,0.0,1.0,1.0,NA,NA,1.0,1.0,NA,NA,1.0,1.0,0.0,0.0,NA,NA,0.0,0.0,NA,NA,0.1930382012101323,0.5352058581006809,0.9999998069799263,0.283442864260519,0.0,0.0,0.18083970461199358,0.9999959899309279,0.0,0.0,0.10898665223665224,0.735125493430326,0.20459228771912047,0.2080577786669683,0.0,0.0,0.5666187716320243,0.41170724309885326,0.0,0.0,2.1590257732,0.0185846246093,86.24,2.12188595358
Aggravater,False,inf,1.74183204204,0.786859587239,0.708616523473,0.881120063486,200.0,0.0,0.0,0.0,0.267285714286,0.249030612245,0.226163265306,0.214193877551,0.202091836735,0.190173469388,0.188724489796,0.11676505102040817,1.0,0.0,0.007335989084236445,0.0,1.0,0.0,NA,NA,NA,NA,0.0,0.0,1.0,0.0,0.010538177660463407,0.0,NA,NA,0.0,0.0,0.11600866577786893,0.004828673497170682,0.9999997443816326,0.7918779264027718,0.9999993056946925,0.0022823501445481216,0.0,0.0,0.0,0.0,0.001396603245520996,0.0017917373163793837,0.003593471595106725,0.0002643681794341303,0.434133027400245,0.15369455064430226,0.0,0.0,0.3079929773491585,0.6487044939187796,1.97142680412,0.0166151938221,174.14,1.36396480893
Adapative Pavlov 2011,False,inf,2.41523588524,0.79037554043,0.0488723534827,0.218362127936,112.99535714285715,1.0,0.810642857143,0.855316326531,0.805816326531,0.891551020408,0.827530612245,0.735142857143,0.718653061224,0.717704081633,0.725295918367,0.794418112244898,0.9990610306592239,0.38470924243684146,0.27846111103081345,0.002295883529372131,0.9993252805753977,0.4667400133372173,0.0,0.0,0.9957956196223041,0.0,0.9645718790225212,0.0,0.9866804355309166,0.4652850622289003,0.0692512065666109,0.027754544379682868,1.0,0.0,0.29133127942548437,0.0,0.7643713465285612,0.3211919096439788,0.9999986459300001,0.600751766680354,0.999999980020807,0.02501746591137138,0.0007781777924140097,0.0001571174700554237,0.008548589343797668,0.004820523631282125,0.011825109540550988,0.010552045954227774,0.01704854900356711,0.004433454638135559,0.04257923398905459,0.014417367005697094,0.0002534675096649223,0.00016174636797216637,0.024953024165425462,0.12224453720882292,2.75199381443,0.0199068586299,42.94,2.14392164036
Adapative Pavlov 2006,False,inf,2.38076557226,0.808375484267,0.034426779687,0.370689272198,112.94784693877551,1.0,0.809724489796,0.855081632653,0.806714285714,0.892102040816,0.828132653061,0.709306122449,0.703806122449,0.702336734694,0.699795918367,0.7749666326530612,0.9982841448223988,0.11667480152223485,0.35086870930606207,0.004623114088676044,0.9986244760026559,0.023275408396707196,0.4706567642347459,0.5091319052987598,0.9034017138405609,0.7113086602126144,0.9734696789960487,0.039691632770406965,0.9904217606689997,0.22020366851193918,0.0291902230948915,0.004829022680319263,1.0,1.0,0.3685017700509853,0.00042375834622729617,0.748178391959799,0.9999960152256309,0.7096833765182486,0.6321288380846894,0.7294698759070614,0.07492194301538913,0.0071045126405576186,0.0015455022512826174,0.004410289603371705,0.0019536693465264893,0.04380270339247337,0.05622029485028925,0.07774553026687778,0.018562863022718982,0.1200466443678138,0.12366263731505182,0.0032954682155822623,0.0011095109911200321,0.1629939966432968,0.9999994317318409,2.73060773196,0.0178240107877,45.78,2.27850828394
ALLCorALLD,True,1,2.22844367347,1.27324316929,-0.123353826531,2.13127701086,200.0,0.60212244898,0.60212244898,0.60212244898,0.60212244898,0.60212244898,0.60212244898,0.60212244898,0.60212244898,0.60212244898,0.60212244898,0.6021224489795919,1.0,1.0,0.0,0.0,1.0,1.0,NA,NA,1.0,1.0,NA,NA,NA,NA,0.0,0.0,NA,NA,0.0,0.0,0.4793495026151164,0.9999993737761698,0.4446073023823243,0.5754231229177558,0.45910080395794683,0.04845951387499074,0.0,0.0,0.037360959255295506,0.19695040800999625,0.0,0.0,0.0,0.0,0.19403499190340698,0.0700681007944748,0.0,0.0,0.06220491688990684,0.9999998031532418,2.22773556701,0.0997320827147,68.92,8.80190888387
e,False,inf,2.39580200982,1.11967274241,-0.55123695919,2.17783647841,10.233357142857143,1.0,0.189887755102,0.145459183673,0.650887755102,0.664153061224,0.792132653061,0.658857142857,0.831112244898,0.590571428571,0.84512244898,0.7323901530612245,0.5545083991478619,1.0,0.5317750781755686,1.0,0.6324085427561438,1.0,0.8000457326885237,1.0,0.9021495742796208,1.0,NA,NA,0.0,1.0,0.13603373774349725,1.0,1.0,1.0,NA,NA,0.34944405701979286,0.9999998969922267,0.386161657536905,0.03695678562482164,0.9999995529012672,0.040907349874429705,0.1449182127396413,0.05400793283305054,0.095122066077665,0.39229928808765047,0.0,0.0,0.1774302233560436,0.13287143945907542,0.31878485101935183,0.0710464487346603,0.050421849242361,0.041961877156753945,0.0,0.0,2.28445515464,0.0256029596934,83.16,1.60449368961
pi,False,inf,2.41031259589,1.10470025332,-0.596080085916,2.13459098425,14.466061224489795,1.0,0.189795918367,0.266530612245,0.539357142857,0.782214285714,0.714979591837,0.828530612245,0.66356122449,0.834102040816,0.64756122449,0.7521150510204082,0.5638981600717166,1.0,0.6238684986171267,1.0,0.6184214591970518,1.0,0.9754549608092077,1.0,1.0,1.0,NA,NA,0.06650395617838788,1.0,0.0,1.0,1.0,1.0,NA,NA,0.36876417803302225,0.9999998975644107,0.37931723412231255,0.01941527083083458,0.9999995724125088,0.05692806621463459,0.2161503774075187,0.0463939243906476,0.15004072746813651,0.3017723149866007,0.0,0.0,0.21529207395085173,0.15328162859848465,0.29600516260412535,0.017890320356820862,0.040378572228999016,0.014235800120552618,0.0,0.0,2.28680721649,0.0260725622134,77.0,1.45602197786
phi,False,inf,2.42095773243,1.19802086789,-0.170016684566,2.37145516506,10.124591836734695,1.0,0.189887755102,0.144010204082,0.461102040816,0.582428571429,0.792275510204,0.610255102041,0.531908163265,0.557357142857,0.8455,0.6404826020408163,0.4264166016899617,1.0,0.2239606952287191,1.0,0.34703414556175577,1.0,0.20979911563322007,1.0,0.6610739312957365,1.0,NA,NA,0.0,1.0,0.23414630435212616,1.0,0.7036161490182503,1.0,NA,NA,0.23799646190134346,0.5816764847841691,0.9999998387721815,0.09119891637534118,0.09414687693259122,0.015421416297105254,0.7685557026871918,0.40744685602235675,0.09022986240593284,0.3896396520483351,0.0,0.0,0.07569895396900087,0.06054999703638697,0.5165726053997224,0.14343956888657788,0.9999936651772806,0.1100079105432275,0.0,0.0,2.22954072165,0.0260888312768,83.02,1.14873843846
